#,Vertex Instructions / Second,Fragment Instructions / Second
0,596398560,1961423760
1,596398560,1961423760
2,596398560,1961423760
3,596398560,1961423760
4,594022470.119522,1953609322.70916
5,596398560,1961423760
