#,Vertex Instructions / Second,Fragment Instructions / Second
0,385553040,1960646160
1,366504045.627376,1986453475.28517
2,406370909.090909,1938985185.77075
3,385553040,1960646160
4,384016972.111554,1952834820.71713
5,387977901.886792,1972977267.92453
6,382493095.238095,1945085476.19048
