#,Vertex Instructions / Second,Fragment Instructions / Second
0,465382176,1960592016
1,465364080,1960590000
2,461679857.142857,2073108031.74603
3,465364080,1960590000
4,466521744.360902,1844166451.12782
5,465364080,1960590000
6,463510039.840637,1952778884.46215
7,467233012.048193,1968463855.42169
8,465364080,1960590000
9,465364080,1960590000
10,463510039.840637,1952778884.46215
