#,Vertex Instructions / Second,Fragment Instructions / Second
0,467693306.772908,1942401992.03187
1,469564080,1950171600
2,469564080,1950171600
3,469564080,1950171600
4,469564080,1950171600
