#,Vertex Instructions / Second,Fragment Instructions / Second
12,401588208,1950666960
13,401582640,1950666960
14,401582640,1950666960
15,395261244.094488,1919947795.27559
16,407180942.965779,1977862570.34221
17,401585424,1950666960
