#,Vertex Instructions / Second,Fragment Instructions / Second
0,104092142.857143,1931324047.61905
1,105584784.90566,1959018505.66038
2,104506852.589641,1939018565.73705
3,104924880,1946774640
4,104924880,1946774640
5,104924880,1946774640
6,104924880,1946774640
7,104924880,1946774640
8,97939104,1946092560
9,111464796.812749,1939697928.28685
10,104924880,1946774640
