#,Vertex Instructions / Second,Fragment Instructions / Second
0,280586160,1949395440
1,280586160,1949395440
2,279468286.85259,1941628924.30279
3,280586160,1949395440
4,280586160,1949395440
5,280586160,1949395440
6,280586160,1949395440
7,280586160,1949395440
8,279468286.85259,1941628924.30279
