#,Vertex Instructions / Second,Fragment Instructions / Second
42,464944106.060606,1970690666.66667
61,460294752,1950983760
62,460293360,1950983760
63,458460908.366534,1943210916.33466
64,460296144,1950983760
65,460294752,1950983760
66,460294752,1950983760
