#,Vertex Instructions / Second,Fragment Instructions / Second
0,39309120,1943269680
1,39309120,1943269680
2,39309120,1943269680
3,39309120,1943269680
4,39152509.9601594,1935527569.72112
5,39309120,1943269680
6,39309120,1943269680
7,39309120,1943269680
8,38997142.8571429,1927846904.7619
9,39309120,1943269680
