#,Vertex Instructions / Second,Fragment Instructions / Second
0,51847649.4023904,1939104621.51394
1,52055040,1946861040
2,51847649.4023904,1939104621.51394
3,52055040,1946861040
4,52055040,1946861040
5,52055040,1946861040
6,52055040,1946861040
7,52055040,1946861040
8,52055040,1946861040
9,52055040,1946861040
10,52055040,1946861040
11,51851219.123506,1939203043.8247
12,52055040,1946861040
13,52055040,1946861040
