#,Vertex Instructions / Second,Fragment Instructions / Second
0,290888640,1961361840
1,290888640,1961361840
2,290888640,1961361840
3,289729721.115538,1953547649.40239
4,290888640,1961361840
5,290888640,1961361840
