#,Vertex Instructions / Second,Fragment Instructions / Second
0,51971952.1912351,1945776812.749
1,52179840,1953559920
2,52179840,1953559920
3,51971952.1912351,1945776812.749
4,52179840,1953559920
5,51358110.2362205,1922795196.85039
6,51971952.1912351,1945776812.749
7,52179840,1953559920
