#,Vertex Instructions / Second,Fragment Instructions / Second
0,151803840,1958322000
1,151803840,1958322000
2,151199043.824701,1950519920.31873
3,151803840,1958322000
4,151199043.824701,1950519920.31873
5,152184300.75188,1963230075.18797
