#,Vertex Instructions / Second,Fragment Instructions / Second
0,201441274.900398,1951767729.08367
1,202247040,1959574800
2,202247040,1959574800
3,202247040,1959574800
4,201441274.900398,1951767729.08367
5,202247040,1959574800
