#,Vertex Instructions / Second,Fragment Instructions / Second
0,9144320,1948308240
1,9070793.65079365,1932845476.19048
2,9143360,1948308240
3,9166556.39097744,1953191218.04511
4,9143360,1948308240
5,9106613.54581673,1940546055.77689
