#,Vertex Instructions / Second,Fragment Instructions / Second
0,103261440,1956359280
1,103261440,1956359280
2,103261440,1956359280
3,102850039.840637,1948565019.92032
4,103261440,1956359280
5,103261440,1956359280
6,102441904.761905,1940832619.04762
