#,Vertex Instructions / Second,Fragment Instructions / Second
0,264463878.787879,1982034121.21212
1,246426240,1960703760
2,245444462.151394,1952892191.23506
3,246426240,1960703760
