#,Vertex Instructions / Second,Fragment Instructions / Second
0,64329156.626506,2074820722.89157
1,64071840,2066521440
2,64071840,2066521440
3,64071840,2066521440
4,63816573.7051793,2058288286.85259
5,64071840,2066521440
6,63816573.7051793,2058288286.85259
7,64071840,2066521440
8,65213068.7022901,2103329709.92366
9,62815529.4117647,2026001411.76471
10,64071840,2066521440
11,64071840,2066521440
12,63816573.7051793,2058288286.85259
13,64071840,2066521440
