#,Vertex Instructions / Second,Fragment Instructions / Second
0,184527840,2101558080
1,184990315.789474,2106825142.85714
2,184527840,2101558080
3,183063333.333333,2084879047.61905
4,185688392.45283,2114775426.41509
5,183792669.322709,2093185338.64542
6,184297468.164794,2098934411.98502
7,184527840,2101558080
8,183792669.322709,2093185338.64542
9,185688392.45283,2114775426.41509
