#,Vertex Instructions / Second,Fragment Instructions / Second
0,249904185.328185,2173784463.32046
1,241752430.278884,2102876653.38645
2,236117369.649805,2179368731.51751
3,249895289.57529,2049167768.33977
4,242719440,2111288160
5,240793095.238095,2094531904.7619
6,242719440,2111288160
7,242719440,2111288160
8,242719440,2111288160
9,242719440,2111288160
10,222979685.03937,2066573338.58268
