#,Vertex Instructions / Second,Fragment Instructions / Second
0,15896640,2027601120
1,15896640,2027601120
2,15896640,2027601120
3,15833306.7729084,2019523027.88845
4,15770476.1904762,2011509047.61905
5,15344247.1042471,1957143938.22394
6,15833306.7729084,2019523027.88845
7,15876794.0074906,2025069782.77154
