#,Vertex Instructions / Second,Fragment Instructions / Second
0,345162240,2116476840
1,345162240,2116476840
2,345162240,2116476840
3,345162240,2116476840
4,345162240,2116476840
5,345162240,2116476840
6,343787091.633466,2108044661.35458
7,345162240,2116476840
8,345162240,2116476840
