#,Vertex Instructions / Second,Fragment Instructions / Second
0,293133705.179283,2103292589.64143
1,294306240,2111705760
2,294306240,2111705760
3,293133705.179283,2103292589.64143
4,294306240,2111705760
5,294306240,2111705760
