#,Vertex Instructions / Second,Fragment Instructions / Second
0,125788685.258964,2079677808.76494
1,118704000,2083740052.63158
2,134512721.804511,2102719135.33835
3,125788685.258964,2079677808.76494
4,126291840,2087996520
5,126291840,2087996520
6,126291840,2087996520
7,125788685.258964,2079677808.76494
8,126291840,2087996520
9,126291840,2087996520
