#,Vertex Instructions / Second,Fragment Instructions / Second
0,86826240,1943731440
1,86826240,1943731440
2,86826240,1943731440
3,86826240,1943731440
4,86480318.7250996,1935987490.03984
5,86826240,1943731440
