#,Vertex Instructions / Second,Fragment Instructions / Second
0,226892749.003984,1933458406.3745
1,228715180.722892,1948988192.77108
2,227800320,1941192240
3,226892749.003984,1933458406.3745
4,227800320,1941192240
5,227800320,1941192240
6,227800320,1941192240
