#,Vertex Instructions / Second,Fragment Instructions / Second
0,170645760,1944917520
1,170645760,1944917520
2,170645760,1944917520
3,170645760,1944917520
4,169965896.414343,1937168844.62151
5,170645760,1944917520
