#,Vertex Instructions / Second,Fragment Instructions / Second
0,126986666.666667,1928919285.71429
1,128323368.421053,1949223699.24812
2,127492589.641434,1936604223.10757
3,128516626.506024,1952159277.10843
