#,Vertex Instructions / Second,Fragment Instructions / Second
0,43069440,1940050320
1,42897848.6055777,1932321035.85657
2,43177383.4586466,1944912601.50376
3,43069440,1940050320
4,43069440,1940050320
5,43069440,1940050320
6,42897848.6055777,1932321035.85657
7,43069440,1940050320
8,43069440,1940050320
9,43069440,1940050320
