#,Vertex Instructions / Second,Fragment Instructions / Second
0,7316653.38645418,1932887091.63347
1,7345920,1940618640
2,7316653.38645418,1932887091.63347
3,7364330.82706767,1945482345.86466
4,7345920,1940618640
