#,Vertex Instructions / Second,Fragment Instructions / Second
0,95306166.0649819,934406122.743682
1,94963338.1294964,931044949.640288
2,92030980.0796813,902297545.816733
3,93949950.1779359,921104967.97153
4,93949722.4199288,921104967.97153
5,104338719.367589,895473407.114625
6,210360605.577689,2062394390.43825
7,149443381.132075,1586873464.15094
