#,Vertex Instructions / Second,Fragment Instructions / Second
1,161080320,1941109200
2,161080320,1941109200
6,171809792,1941413584
8,161080320,1941109200
14,171568120.300752,1946260210.52632
