#,Vertex Instructions / Second,Fragment Instructions / Second
0,43948800,1942650960
1,43948800,1942650960
2,43773705.1792829,1934911314.74104
3,44058947.368421,1947519759.3985
4,43948800,1942650960
5,43773705.1792829,1934911314.74104
