#,Vertex Instructions / Second,Fragment Instructions / Second
0,147911040,1940845200
1,147911040,1940845200
2,147911040,1940845200
3,147321752.988048,1933112749.00398
4,147911040,1940845200
7,147175164.179104,1931189253.73134
8,149405090.909091,1960449696.9697
9,146737142.857143,1925441666.66667
10,132079885.714286,1963438385.71429
11,165626561.264822,1918397992.09486
12,147321752.988048,1933112749.00398
