#,Vertex Instructions / Second,Fragment Instructions / Second
0,151794240,1944130320
1,151794240,1944130320
2,151794240,1944130320
3,151189482.071713,1936384780.87649
4,151794240,1944130320
5,151189482.071713,1936384780.87649
6,153327515.151515,1963768000
7,150589523.809524,1928700714.28571
8,151794240,1944130320
