#,Vertex Instructions / Second,Fragment Instructions / Second
0,203519040,1943786640
11,189960320,1943303760
12,217077760,1944269520
19,203519040,1943786640
23,203519040,1943786640
24,203519040,1943786640
25,203519040,1943786640
27,203519040,1943786640
28,203519040,1943786640
32,203519040,1943786640
33,203519040,1943786640
34,203519040,1943786640
35,203519040,1943786640
36,203519040,1943786640
37,203519040,1943786640
38,202708207.171315,1936042470.11952
