#,Vertex Instructions / Second,Fragment Instructions / Second
1,103933440,1942783440
4,103519362.549801,1935043266.93227
5,103519362.549801,1935043266.93227
6,103933440,1942783440
7,104193924.81203,1947652571.42857
8,103519362.549801,1935043266.93227
9,103933440,1942783440
10,103933440,1942783440
11,103933440,1942783440
