#,Vertex Instructions / Second,Fragment Instructions / Second
0,247598455.598456,1874000756.75676
1,240488640,1941157200
2,240488640,1941157200
3,239530517.928287,1933423505.9761
4,240488640,1941157200
5,240488640,1941157200
6,240488640,1941157200
7,239530517.928287,1933423505.9761
8,240488640,1941157200
