#,Vertex Instructions / Second,Fragment Instructions / Second
13,234743040,1941051120
14,233807808.76494,1933317848.60558
15,234743040,1941051120
16,234743040,1941051120
17,234743040,1941051120
18,233807808.76494,1933317848.60558
19,234743040,1941051120
20,234743040,1941051120
21,233807808.76494,1933317848.60558
22,234743040,1941051120
23,234743040,1941051120
