#,Vertex Instructions / Second,Fragment Instructions / Second
0,290893440,1944816240
1,290893440,1944816240
2,290893440,1944816240
3,290893440,1944816240
4,290893440,1944816240
5,290893440,1944816240
6,289734501.992032,1937067968.12749
