#,Vertex Instructions / Second,Fragment Instructions / Second
0,201517440,1944577680
1,200714581.673307,1936830358.56574
2,202784845.283019,1956807728.30189
3,201517440,1944577680
4,200714581.673307,1936830358.56574
5,201517440,1944577680
6,201517440,1944577680
