#,Vertex Instructions / Second,Fragment Instructions / Second
0,52544640,1940045520
1,52335298.8047809,1932316254.98008
2,52544640,1940045520
3,52544640,1940045520
4,52544640,1940045520
5,52335298.8047809,1932316254.98008
6,52544640,1940045520
