#,Vertex Instructions / Second,Fragment Instructions / Second
12,368156228.136882,36489855.513308
2,368156228.136882,36489855.513308
