#,Vertex Instructions / Second,Fragment Instructions / Second
2,530945587.548638,39076980.5447471
52,533019593.75,39229625
