#,Vertex Instructions / Second,Fragment Instructions / Second
1,463264000,38571984.3137255
11,463264000,38181374.0458015
12,463264000,38505160.3053435
