#,Vertex Instructions / Second,Fragment Instructions / Second
10,343179264,36628480
19,333833836.575876,35911190.6614786
23,335137875,36051468.75
