#,Vertex Instructions / Second,Fragment Instructions / Second
0,313458240,2021104560
1,312209402.390438,2013052350.59761
2,312210055.776892,2013052350.59761
3,314243849.62406,2026169984.96241
