#,Vertex Instructions / Second,Fragment Instructions / Second
0,202297200,2015631120
1,202297200,2015631120
2,203109638.554217,2023726024.09639
3,202297200,2015631120
4,202297200,2015631120
5,201491235.059761,2007600717.13147
6,202297200,2015631120
7,202297200,2015631120
