#,Vertex Instructions / Second,Fragment Instructions / Second
0,137717760,2008736400
1,137717760,2008736400
2,137169083.665339,2000733466.13546
3,137717760,2008736400
4,137169083.665339,2000733466.13546
5,137717760,2008736400
6,137169083.665339,2000733466.13546
