#,Vertex Instructions / Second,Fragment Instructions / Second
0,18532478.0876494,1970448286.85259
1,18537705.1792829,1970448286.85259
2,18607920,1978330080
3,18729283.0188679,1990772407.54717
4,18607920,1978330080
