#,Vertex Instructions / Second,Fragment Instructions / Second
0,268321920,2021417040
1,267252908.366534,2013363585.65737
2,268321920,2021417040
3,268321920,2021417040
4,268321920,2021417040
5,267252908.366534,2013363585.65737
6,268321920,2021417040
7,268321920,2021417040
