#,Vertex Instructions / Second,Fragment Instructions / Second
0,157707760.956175,1955276414.34263
1,158338960,1963097520
2,158338224,1963097520
3,158338960,1963097520
4,158337856,1963097520
