#,Vertex Instructions / Second,Fragment Instructions / Second
0,301743360,1965498240
1,300541195.219123,1957667569.72112
2,301743360,1965498240
3,302955180.722892,1973391807.22892
4,301743360,1965498240
5,300541195.219123,1957667569.72112
6,301743360,1965498240
