#,Vertex Instructions / Second,Fragment Instructions / Second
0,108121037.593985,1965829774.43609
1,107421211.155378,1953102788.84462
2,108528694.339623,1973248000
3,106996031.746032,1945352380.95238
