#,Vertex Instructions / Second,Fragment Instructions / Second
0,256002240,1964730480
1,256002240,1964730480
2,256002240,1964730480
3,254982310.756972,1956902868.5259
4,256002240,1964730480
5,256002240,1964730480
6,256002240,1964730480
7,256002240,1964730480
8,256002240,1964730480
9,256002240,1964730480
10,253970476.190476,1949137380.95238
