#,Vertex Instructions / Second,Fragment Instructions / Second
0,54504480,1957459440
1,54504480,1957459440
2,54504480,1957459440
3,53646141.7322835,1926633307.08661
4,54504480,1957459440
5,54641082.7067669,1962365353.38346
6,54504480,1957459440
7,54504480,1957459440
8,54504480,1957459440
9,54504480,1957459440
10,54504480,1957459440
