#,Vertex Instructions / Second,Fragment Instructions / Second
0,210284240.601504,1969587248.1203
1,208922884.462151,1956835936.25498
2,209757840,1964663280
3,208922517.928287,1956835936.25498
4,209758208,1964663280
