#,Vertex Instructions / Second,Fragment Instructions / Second
0,103686693.227092,1942510039.84064
1,103686693.227092,1942510039.84064
2,104101440,1950280080
3,104101440,1950280080
