#,Vertex Instructions / Second,Fragment Instructions / Second
0,290888640,1953089040
1,289729721.115538,1945307808.76494
2,290888640,1953089040
3,290888640,1953089040
4,290888640,1953089040
5,289729721.115538,1945307808.76494
6,290888640,1953089040
7,290888640,1953089040
8,290888640,1953089040
9,289729721.115538,1945307808.76494
