#,Vertex Instructions / Second,Fragment Instructions / Second
0,52225338.6454183,1940387330.67729
1,52018095.2380952,1932687380.95238
2,52434240,1948148880
3,52018095.2380952,1932687380.95238
4,52644819.2771084,1955972771.08434
5,52434240,1948148880
6,52225338.6454183,1940387330.67729
7,52434240,1948148880
8,52644819.2771084,1955972771.08434
9,52225338.6454183,1940387330.67729
