#,Vertex Instructions / Second,Fragment Instructions / Second
0,245444462.151394,1944870836.65339
1,246426240,1952650320
2,246426240,1952650320
