#,Vertex Instructions / Second,Fragment Instructions / Second
0,153618240,1951487760
1,153618240,1951487760
2,153618240,1951487760
3,153618240,1951487760
4,153618240,1951487760
5,153006215.139442,1943712908.36653
6,153618240,1951487760
