#,Vertex Instructions / Second,Fragment Instructions / Second
0,9143040,1944311760
1,9143040,1944311760
2,9106613.54581673,1936565498.00797
3,9143040,1944311760
4,9143040,1944311760
5,9143040,1944311760
