#,Vertex Instructions / Second,Fragment Instructions / Second
0,207514768.060836,1979665277.56654
1,204661440,1952444880
2,203846055.776892,1944666215.13944
3,203037142.857143,1936949285.71429
4,206728727.272727,1972166545.45455
