#,Vertex Instructions / Second,Fragment Instructions / Second
0,206893440,1959389040
1,206069163.346614,1951582709.16335
2,206893440,1959389040
3,206893440,1959389040
4,206069163.346614,1951582709.16335
5,206893440,1959389040
