#,Vertex Instructions / Second,Fragment Instructions / Second
0,72131040,1954520400
1,72131040,1954520400
2,72131040,1954520400
3,72131040,1954520400
4,72131040,1954520400
5,71843665.3386454,1946733466.13546
6,71558571.4285714,1939008333.33333
7,71843665.3386454,1946733466.13546
