#,Vertex Instructions / Second,Fragment Instructions / Second
0,20399040,1948987920
1,20399040,1948987920
2,20317768.9243028,1941223027.88845
3,20399040,1948987920
4,20317768.9243028,1941223027.88845
5,20399040,1948987920
