#,Vertex Instructions / Second,Fragment Instructions / Second
1,71925840,1946718480
2,71925840,1946718480
3,71925840,1946718480
5,71925840,1946718480
6,71355000,1931268333.33333
7,71355000,1931268333.33333
