#,Vertex Instructions / Second,Fragment Instructions / Second
0,142780618.867925,1969850203.77358
1,141888240,1957538640
2,140762142.857143,1942002619.04762
3,141322948.207171,1949739681.2749
4,141888240,1957538640
5,141888240,1957538640
6,140136533.333333,1933371496.2963
7,143866403.041825,1984830053.23194
8,140762142.857143,1942002619.04762
