#,Vertex Instructions / Second,Fragment Instructions / Second
0,312866640,1950384720
1,312866640,1950384720
2,311620159.36255,1942614262.94821
3,306741035.294118,2038713349.01961
4,275480060.377359,1717319879.24528
5,335769863.636364,1970959393.93939
