#,Vertex Instructions / Second,Fragment Instructions / Second
6,299949840,1950066480
8,299949840,1950066480
9,299949840,1950066480
10,299949840,1950066480
12,264124166.037736,1960630037.73585
