#,Vertex Instructions / Second,Fragment Instructions / Second
0,381344640,1961361840
1,381344640,1961361840
2,379825338.645418,1953547649.40239
3,381344640,1961361840
4,381344640,1961361840
5,381344640,1961361840
6,381344640,1961361840
